cohort,metric,eta2_hospital,eta2_hospital_given_attributes,share_explained_by_attributes,n_stays,n_hospitals
unrestricted,Record count,0.4593190493952924,0.4206234423811372,0.08424559587741713,86395,59
unrestricted,Median interval,0.7655528975130067,0.7222443559877423,0.05657158592953874,86395,59
unrestricted,Longest interval,0.604514407897771,0.5288055696386902,0.12523909648797632,86395,59
unrestricted,Gaps >2 h,0.47997578018423503,0.43906981413325785,0.08522506288812269,86395,59
unrestricted,Fraction of window in gaps,0.6355065239671945,0.5771447683263897,0.0918350220489908,86395,59
restricted,Record count,0.3632463846989798,0.2572434436765306,0.29182104898385486,78437,51
restricted,Median interval,0.24803563353250785,0.1907212053519706,0.23107336379160034,78437,51
restricted,Longest interval,0.13443175141065652,0.1007285301452454,0.25070878651618494,78437,51
restricted,Gaps >2 h,0.21304874408186922,0.18289254447721837,0.14154600973879758,78437,51
restricted,Fraction of window in gaps,0.20728084934644705,0.17609052943653714,0.15047371722111552,78437,51
