cohort,metric,eta2_hospital,eta2_numbedscategory,eta2_teachingstatus,eta2_region
unrestricted,Record count,0.44107029538776676,0.0004888882753287903,0.003164191301286787,0.05529497660307621
unrestricted,Median interval,0.7625310312478434,0.0372850096994595,0.010949229207604242,0.05663856494842748
unrestricted,Longest interval,0.5863936778295271,0.05027408467470759,0.02490678940413967,0.060253981085336285
unrestricted,Gaps >2 h,0.46760285352999315,0.029432634668580687,0.009251011235907158,0.03707756825059196
unrestricted,Fraction of window in gaps,0.6210738635325898,0.046982404155012564,0.017808424979489496,0.0593278172909752
restricted,Record count,0.3538537167590392,0.01921125886645306,0.010550996955133812,0.1030993341525106
restricted,Median interval,0.25075505847156543,0.013015099385090314,0.0001077073168538929,0.05092973090701281
restricted,Longest interval,0.13394473747836808,0.012718072260724841,0.010924049450091167,0.016560388344567804
restricted,Gaps >2 h,0.21757410236752106,0.020605653596748295,0.009838307724517308,0.011089909724860339
restricted,Fraction of window in gaps,0.20813029477426467,0.019542956406241027,0.012431853710352634,0.010057625997323339
