cohort,metric,observed_share,null_median,null_p95,p_value,excess_over_null,n_hospitals,n_perm,p_min_attainable,bonferroni_threshold_family
unrestricted,Record count,0.08424559587741713,0.06371262336567796,0.14425771876362226,0.3053694630536946,0.020532972511739175,59,10000,9.999000099990002e-05,0.005
unrestricted,Median interval,0.05657158592953859,0.019093013787872665,0.048971125729123,0.027797220277972202,0.03747857214166593,59,10000,9.999000099990002e-05,0.005
unrestricted,Longest interval,0.12523909648797613,0.032619732415074515,0.08363776182387272,0.009299070092990702,0.09261936407290161,59,10000,9.999000099990002e-05,0.005
unrestricted,Gaps >2 h,0.08522506288812245,0.049167017263134084,0.12169008260147852,0.16448355164483552,0.03605804562498837,59,10000,9.999000099990002e-05,0.005
unrestricted,Fraction of window in gaps,0.0918350220489908,0.03259826706326516,0.07987425080721518,0.028197180281971802,0.05923675498572564,59,10000,9.999000099990002e-05,0.005
restricted,Record count,0.29182104898385486,0.09618933060466886,0.21242351280954616,0.005599440055994401,0.195631718379186,51,10000,9.999000099990002e-05,0.005
restricted,Median interval,0.23107336379160046,0.11086319204225925,0.2386242782294649,0.058394160583941604,0.1202101717493412,51,10000,9.999000099990002e-05,0.005
restricted,Longest interval,0.25070878651618483,0.11191826977175529,0.242043122651002,0.041195880411958805,0.13879051674442955,51,10000,9.999000099990002e-05,0.005
restricted,Gaps >2 h,0.14154600973879758,0.08941704204863135,0.2016760728199072,0.19288071192880712,0.05212896769016623,51,10000,9.999000099990002e-05,0.005
restricted,Fraction of window in gaps,0.15047371722111552,0.08699433360124402,0.1975765854889135,0.14478552144785523,0.0634793836198715,51,10000,9.999000099990002e-05,0.005
