label,family,n,n_hospitals,n_units,intercept,var_hospital,var_unit,alpha,loglik,converged,fit_failed,alpha_at_boundary,n_iter,mean_outcome,fit_seconds,level1_var,mu_used,vpc_hospital_latent,vpc_unit_latent,vpc_hospital_observed,vpc_unit_observed,cohort,metric,part,vpc_hospital_mc,vpc_unit_mc,eta2_sim_hospital,eta2_sim_unit,vpc_hospital_lo,vpc_hospital_hi,vpc_unit_lo,vpc_unit_hi,loglik_gain_nb_over_poisson
Record count (restricted),nb,88560,60,126,3.624697434159473,0.10441067599169189,0.03362270648060267,0.15052907882527208,-363563.7436711003,True,False,False,138,39.007712285456186,15.277191877365112,0.16225917545738536,39.007712285456186,0.3476965153966351,0.11196649931123556,0.31835508611430724,0.10979847957410119,restricted,Record count,single,0.3184281791075519,0.10979309201039568,0.3684232724198946,0.0592598252589734,0.25228641846857724,0.45703430250745214,0.07809628337427646,0.16267157821025963,
"Record count (restricted), Poisson",poisson,88560,60,126,3.623885611462771,0.10383369768332266,0.03458868256391387,,-545051.1628388052,True,False,False,97,39.007712285456186,9.363019943237305,0.02531286517678816,39.007712285456186,0.6341560573255004,0.21124763012593692,0.6311657415751725,0.2252286980953863,restricted,Record count,poisson comparison,,,,,,,,,181487.41916770494
Gaps >30 min (restricted),nb,88560,60,126,2.5580318377129787,0.14164166534582098,0.050832364221804364,0.13267614854213552,-289805.98721847817,True,False,False,133,14.343473351400181,19.6025288105011,0.1843147929765559,14.343473351400181,0.37591790645332235,0.13490942719205504,0.3431506122660592,0.13549181000377156,restricted,Gaps >30 min,single,0.34324067350069193,0.13548794276993373,0.4118597371690181,0.07137048033223897,0.26428405683348544,0.49380175607315924,0.09225486064156699,0.20153655577065127,
"Gaps >2 h, whether any (restricted)",bernoulli,88560,60,126,-1.1798575218531213,0.5798079312085467,0.3780481945612162,,-43817.716240494665,True,False,False,92,0.26263550135501357,12.28973913192749,3.289868133696453,,0.13649848619915067,0.08900017314417746,,,restricted,Gaps >2 h,hurdle: whether any,,,,,,,,,
"Gaps >2 h, how many given >=1 (restricted)",ztnb,23259,60,126,-0.35759067286806767,0.5742343305325238,0.39257306663252467,0.09838093629869593,-24873.243678803563,True,False,False,453,1.7815469280708542,58.00907802581787,0.5066313661662015,1.7815469280708542,0.38972391986909316,0.26643324202016305,0.28006029685602724,0.30821731450576917,restricted,Gaps >2 h,hurdle: how many given >=1,,,,,0.24294677446600882,0.5315010652721773,0.17582137791880886,0.3898213905132852,
Record count (unrestricted),nb,96518,68,142,3.401839985847975,0.5186373294477078,0.03086481717876623,0.14994389790456916,-382955.2363590594,True,False,False,133,36.360440539588474,22.341591119766235,0.16334795347750303,36.360440539588474,0.7275545438964781,0.043297766492933445,0.6680720943886659,0.05174957716023359,unrestricted,Record count,single,0.6682763334650315,0.05173176212866805,0.673451001915317,0.026381738183826036,0.6545717287118626,0.79508070000187,0.029079016492933443,0.06595401649293345,
"Record count (unrestricted), Poisson",poisson,96518,68,142,3.401357626578533,0.5174026601736732,0.0320351756063578,,-567394.7720673963,True,False,False,93,36.360440539588474,12.754357814788818,0.02713101974982589,36.360440539588474,0.8973822557553668,0.05556175173027344,0.8944873051993126,0.0720885984803462,unrestricted,Record count,poisson comparison,,,,,,,,,184439.53570833692
Gaps >30 min (unrestricted),nb,96518,68,142,2.4083355685159717,0.3157723100255127,0.0450150324803065,0.12728839226215005,-306299.0210665718,True,False,False,131,13.543732775233636,23.09880495071411,0.18325718629894971,13.543732775233636,0.5804162955544178,0.08274144871781294,0.5364597667758537,0.09122176458531411,unrestricted,Gaps >30 min,single,0.5366295300984506,0.09120927261153694,0.5449738950335272,0.05232449275669692,0.4876413400878876,0.6719412510209478,0.05639379246781295,0.12161879246781293,
"Gaps >2 h, whether any (unrestricted)",bernoulli,96518,68,142,-0.32612673290516,6.1096334088865945,0.3745758188788863,,-44540.909140551106,True,False,False,91,0.3211110880871962,22.68237614631653,3.289868133696453,,0.6250854359897107,0.03832339411961233,,,unrestricted,Gaps >2 h,hurdle: whether any,,,,,,,,,
"Gaps >2 h, how many given >=1 (unrestricted)",ztnb,30993,68,142,-0.4222343119676939,0.6736106187906432,0.33252803534693953,0.0010000000000000002,-37008.09914843276,True,False,True,79,2.097538153776659,11.852548122406006,0.39052023653934936,2.097538153776659,0.48230145763376614,0.2380882243808078,0.36137959416318294,0.2908587960035506,unrestricted,Gaps >2 h,hurdle: how many given >=1,,,,,0.34316744658104403,0.6079334513870867,0.15711627933314803,0.3532310378070218,
