metric,min_unit_median,max_unit_median,ratio,eta2_unit,eta2_unit_given_density,n
n_records,23.0,27.0,1.173913043478261,0.02710282493848659,0.018258208661984444,67140
t_first_h,0.21666666666666667,2.5719444444444446,11.87051282051282,0.3004460759441677,0.31775682744729095,67140
median_interval_min,60.0,60.0,1.0,0.03899576361238932,0.018595055012223045,67140
iqr_interval_min,0.0,30.0,,0.07556922337983651,0.11761391633463653,67140
max_interval_min,60.000000000000114,120.0,1.9999999999999962,0.05895630070572799,0.04417704763439096,67140
n_gaps_gt2h,0.0,0.0,,0.08717035400377127,0.06674089940375824,67140
n_gaps_gt4h,0.0,0.0,,0.007076795525837731,0.005334342273168565,67140
frac_time_in_gaps,0.0,0.0,,0.06261335464925666,0.04472827627008858,67140
on_the_hour_frac,0.7692307692307693,0.92,1.196,0.07127069836656941,0.17394299045713518,67140
