unit_id,database,unittype,n_records,t_first_h,median_interval_min,iqr_interval_min,max_interval_min,n_gaps_gt30m,n_gaps_gt2h,frac_time_in_gaps,n_stays
MIMIC:Cardiac Vascular Intensive Care Unit (CVICU),MIMIC,Cardiac Vascular Intensive Care Unit (CVICU),27.0,2.5719444444444446,60.0,30.0,60.000000000000114,19.0,0.0,0.0,12024
MIMIC:Coronary Care Unit (CCU),MIMIC,Coronary Care Unit (CCU),26.0,0.23333333333333334,60.0,0.0,60.000000000000114,22.0,0.0,0.0,7666
MIMIC:Medical Intensive Care Unit (MICU),MIMIC,Medical Intensive Care Unit (MICU),25.0,0.25,60.0,0.0,60.000000000000114,22.0,0.0,0.0,13880
MIMIC:Medical/Surgical Intensive Care Unit (MICU/SICU),MIMIC,Medical/Surgical Intensive Care Unit (MICU/SICU),25.0,0.3333333333333333,60.0,0.0,60.000000000000114,22.0,0.0,0.0,10495
MIMIC:Neuro Intermediate,MIMIC,Neuro Intermediate,24.0,0.25,60.0,1.1368683772161603e-13,120.0,19.0,0.0,0.0,4480
MIMIC:Neuro Stepdown,MIMIC,Neuro Stepdown,23.0,0.25,60.0,1.4210854715202004e-14,120.0,20.0,0.0,0.0,997
MIMIC:Neuro Surgical Intensive Care Unit (Neuro SICU),MIMIC,Neuro Surgical Intensive Care Unit (Neuro SICU),26.0,0.26555555555555554,60.0,0.0,69.0,22.0,0.0,0.0,1352
MIMIC:OTHER,MIMIC,OTHER,25.0,0.25,60.0,0.0,60.000000000000114,23.0,0.0,0.0,229
MIMIC:Surgical Intensive Care Unit (SICU),MIMIC,Surgical Intensive Care Unit (SICU),26.0,0.21666666666666667,60.0,0.0,61.0,22.0,0.0,0.0,9030
MIMIC:Trauma SICU (TSICU),MIMIC,Trauma SICU (TSICU),26.0,0.21666666666666667,60.0,0.0,60.000000000000114,22.0,0.0,0.0,6987
eICU-108:Med-Surg ICU,eICU,Med-Surg ICU,7.0,0.7333333333333333,240.0,60.0,270.0,6.0,5.0,0.7916666666666666,222
eICU-110:CCU-CTICU,eICU,CCU-CTICU,22.0,0.26666666666666666,41.0,37.5,240.0,9.0,2.0,0.3541666666666667,634
eICU-110:Med-Surg ICU,eICU,Med-Surg ICU,18.0,0.2833333333333333,60.0,47.25,240.0,10.0,2.0,0.3854166666666667,744
eICU-122:CTICU,eICU,CTICU,35.0,0.16666666666666666,30.0,26.25,120.0,13.0,0.0,0.0,461
eICU-122:Cardiac ICU,eICU,Cardiac ICU,25.0,0.23333333333333334,60.0,22.5,180.0,16.0,1.0,0.125,647
eICU-122:Med-Surg ICU,eICU,Med-Surg ICU,24.0,0.16666666666666666,60.0,44.75,180.0,14.0,1.0,0.16666666666666666,1185
eICU-125:Med-Surg ICU,eICU,Med-Surg ICU,18.0,0.3333333333333333,60.0,42.75,223.0,12.0,1.0,0.1673611111111111,101
eICU-131:Med-Surg ICU,eICU,Med-Surg ICU,16.0,0.4,60.0,45.0,240.0,11.0,3.0,0.4270833333333333,119
eICU-140:Med-Surg ICU,eICU,Med-Surg ICU,24.0,0.3,60.0,0.0,120.0,21.0,0.0,0.0,338
eICU-141:Cardiac ICU,eICU,Cardiac ICU,23.0,0.4,60.0,0.0,120.0,20.0,0.0,0.0,597
eICU-141:Med-Surg ICU,eICU,Med-Surg ICU,25.0,0.3416666666666667,60.0,0.0,100.0,21.0,0.0,0.0,590
eICU-142:CTICU,eICU,CTICU,27.0,0.25,60.0,0.0,60.0,21.0,0.0,0.0,370
eICU-142:Med-Surg ICU,eICU,Med-Surg ICU,25.0,0.31666666666666665,60.0,0.0,60.0,22.0,0.0,0.0,648
eICU-142:Neuro ICU,eICU,Neuro ICU,24.0,0.4,60.0,0.0,90.0,21.0,0.0,0.0,293
eICU-143:Med-Surg ICU,eICU,Med-Surg ICU,18.0,0.4166666666666667,60.0,0.0,120.0,15.0,0.0,0.0,468
eICU-144:Med-Surg ICU,eICU,Med-Surg ICU,24.0,0.35,60.0,0.0,120.0,20.0,0.0,0.0,505
eICU-146:Med-Surg ICU,eICU,Med-Surg ICU,25.0,0.38333333333333336,60.0,34.0,135.0,14.0,1.0,0.09375,783
eICU-148:CSICU,eICU,CSICU,34.0,0.13333333333333333,60.0,30.0,65.0,18.0,0.0,0.0,623
eICU-148:MICU,eICU,MICU,32.0,0.2,60.0,30.0,90.0,18.0,0.0,0.0,693
eICU-148:Med-Surg ICU,eICU,Med-Surg ICU,20.0,0.7666666666666667,60.0,45.0,150.0,14.0,1.0,0.125,89
eICU-152:CSICU,eICU,CSICU,35.5,0.13333333333333333,33.25,30.0,75.0,17.0,0.0,0.0,736
eICU-154:Med-Surg ICU,eICU,Med-Surg ICU,33.0,0.19166666666666665,53.5,28.5,98.0,17.0,0.0,0.0,740
eICU-155:Med-Surg ICU,eICU,Med-Surg ICU,27.0,0.25,60.0,25.0,121.5,14.0,0.5,0.042708333333333334,426
eICU-157:Med-Surg ICU,eICU,Med-Surg ICU,44.0,0.18333333333333332,30.0,15.0,84.0,12.0,0.0,0.0,901
eICU-158:Med-Surg ICU,eICU,Med-Surg ICU,21.0,0.5166666666666667,60.0,36.0,235.0,9.0,2.0,0.28125,261
eICU-164:Med-Surg ICU,eICU,Med-Surg ICU,37.0,0.23333333333333334,30.0,15.0,68.5,16.0,0.0,0.0,80
eICU-165:CSICU,eICU,CSICU,36.0,0.1,38.25,30.0,60.0,18.0,0.0,0.0,296
eICU-165:Med-Surg ICU,eICU,Med-Surg ICU,41.0,0.15,30.0,15.0,77.0,14.0,0.0,0.0,963
eICU-167:CSICU,eICU,CSICU,57.0,0.16666666666666666,15.0,0.0,60.0,9.0,0.0,0.0,686
eICU-167:Med-Surg ICU,eICU,Med-Surg ICU,44.0,0.16666666666666666,30.0,14.0,60.0,12.0,0.0,0.0,1147
eICU-167:Neuro ICU,eICU,Neuro ICU,34.5,0.18333333333333332,45.0,15.0,71.0,17.0,0.0,0.0,740
eICU-171:Med-Surg ICU,eICU,Med-Surg ICU,27.0,0.2833333333333333,60.0,35.375,124.0,14.0,1.0,0.08611111111111111,1096
eICU-174:Med-Surg ICU,eICU,Med-Surg ICU,32.5,0.3333333333333333,39.0,0.0,62.5,11.5,0.0,0.0,58
eICU-175:Med-Surg ICU,eICU,Med-Surg ICU,26.0,0.275,60.0,30.25,120.0,16.0,0.0,0.0,430
eICU-176:CSICU,eICU,CSICU,37.0,0.15,30.0,15.0,67.0,17.0,0.0,0.0,848
eICU-176:Med-Surg ICU,eICU,Med-Surg ICU,33.0,0.18333333333333332,56.25,21.125,90.0,17.0,0.0,0.0,1022
eICU-180:Med-Surg ICU,eICU,Med-Surg ICU,29.0,0.18333333333333332,60.0,15.0,120.0,18.0,0.0,0.0,313
eICU-181:Cardiac ICU,eICU,Cardiac ICU,49.0,0.18333333333333332,15.0,2.75,90.0,7.0,0.0,0.0,227
eICU-181:Med-Surg ICU,eICU,Med-Surg ICU,48.0,0.18333333333333332,15.0,7.5,103.0,8.5,0.0,0.0,424
eICU-182:Med-Surg ICU,eICU,Med-Surg ICU,24.0,0.38333333333333336,60.0,15.0,120.0,17.0,0.0,0.0,311
eICU-183:CSICU,eICU,CSICU,21.0,0.4666666666666667,60.0,37.0,180.0,14.0,1.0,0.125,340
eICU-183:Med-Surg ICU,eICU,Med-Surg ICU,26.0,0.23333333333333334,60.0,1.0,120.0,20.0,0.0,0.0,486
eICU-183:Neuro ICU,eICU,Neuro ICU,27.0,0.25,60.0,12.5,120.0,18.0,0.0,0.0,523
eICU-184:Cardiac ICU,eICU,Cardiac ICU,38.0,0.18333333333333332,30.0,30.0,116.0,13.0,0.0,0.0,371
eICU-184:Med-Surg ICU,eICU,Med-Surg ICU,31.0,0.16666666666666666,60.0,15.0,120.0,17.0,0.0,0.0,297
eICU-188:CCU-CTICU,eICU,CCU-CTICU,28.0,0.48333333333333334,55.0,31.375,120.0,18.0,0.0,0.0,720
eICU-188:MICU,eICU,MICU,19.0,0.2833333333333333,65.0,52.5,138.0,14.0,1.0,0.10416666666666667,1037
eICU-188:Med-Surg ICU,eICU,Med-Surg ICU,24.0,0.21666666666666667,60.0,22.5,120.0,19.0,0.0,0.0,316
eICU-188:Neuro ICU,eICU,Neuro ICU,25.0,0.23333333333333334,60.0,5.0,103.0,21.0,0.0,0.0,621
eICU-194:MICU,eICU,MICU,25.0,0.4166666666666667,60.0,0.0,90.0,22.0,0.0,0.0,318
eICU-195:CTICU,eICU,CTICU,38.0,0.08333333333333333,35.0,35.25,72.0,20.0,0.0,0.0,233
eICU-195:SICU,eICU,SICU,32.0,0.18333333333333332,59.0,30.0,87.0,20.0,0.0,0.0,464
eICU-196:Med-Surg ICU,eICU,Med-Surg ICU,30.0,0.2,60.0,25.0,94.0,20.0,0.0,0.0,241
eICU-197:CTICU,eICU,CTICU,28.0,0.2833333333333333,59.5,27.0,93.0,21.0,0.0,0.0,253
eICU-197:Cardiac ICU,eICU,Cardiac ICU,29.0,0.13333333333333333,60.0,18.0,77.0,21.0,0.0,0.0,225
eICU-197:MICU,eICU,MICU,28.0,0.16666666666666666,60.0,19.875,83.0,21.0,0.0,0.0,288
eICU-198:CTICU,eICU,CTICU,37.0,0.15,36.0,33.5,91.0,20.0,0.0,0.0,339
eICU-199:MICU,eICU,MICU,25.0,0.23333333333333334,60.0,0.0,60.0,22.0,0.0,0.0,336
eICU-199:Med-Surg ICU,eICU,Med-Surg ICU,24.0,0.23333333333333334,60.0,0.0,90.0,19.0,0.0,0.0,2508
eICU-200:Med-Surg ICU,eICU,Med-Surg ICU,27.0,0.225,60.0,0.0,63.0,22.0,0.0,0.0,258
eICU-201:Med-Surg ICU,eICU,Med-Surg ICU,6.0,1.5,237.0,43.0,285.0,5.0,5.0,0.825,84
eICU-202:Med-Surg ICU,eICU,Med-Surg ICU,27.0,0.2,60.0,0.0,75.0,21.0,0.0,0.0,532
eICU-203:Med-Surg ICU,eICU,Med-Surg ICU,6.0,1.95,240.0,43.0,300.0,5.0,5.0,0.8243055555555555,85
eICU-204:Med-Surg ICU,eICU,Med-Surg ICU,6.0,1.125,240.0,18.5,276.0,5.0,5.0,0.8333333333333334,120
eICU-205:Med-Surg ICU,eICU,Med-Surg ICU,10.0,0.25,120.0,60.0,274.0,8.0,4.0,0.625,180
eICU-206:Med-Surg ICU,eICU,Med-Surg ICU,27.0,0.16666666666666666,60.0,0.0,60.0,21.0,0.0,0.0,659
eICU-207:Med-Surg ICU,eICU,Med-Surg ICU,12.0,0.7333333333333333,120.0,0.0,120.0,11.0,0.0,0.0,444
eICU-208:CCU-CTICU,eICU,CCU-CTICU,12.0,0.35,120.0,0.0,120.0,11.0,0.0,0.0,468
eICU-208:MICU,eICU,MICU,12.0,0.4166666666666667,120.0,0.0,120.0,11.0,0.0,0.0,914
eICU-208:Med-Surg ICU,eICU,Med-Surg ICU,12.0,0.4166666666666667,120.0,0.0,120.0,11.0,0.0,0.0,297
eICU-208:SICU,eICU,SICU,12.0,0.31666666666666665,120.0,0.0,120.0,11.0,0.0,0.0,744
eICU-209:MICU,eICU,MICU,29.0,0.08333333333333333,60.0,0.0,60.0,19.0,0.0,0.0,67
eICU-210:Med-Surg ICU,eICU,Med-Surg ICU,12.0,0.3333333333333333,120.0,0.0,120.0,11.0,0.0,0.0,392
eICU-215:Med-Surg ICU,eICU,Med-Surg ICU,26.0,0.35,60.0,0.0,75.0,20.0,0.0,0.0,102
eICU-217:CCU-CTICU,eICU,CCU-CTICU,27.0,0.23333333333333334,60.0,20.5,120.0,16.0,0.0,0.0,95
eICU-217:Med-Surg ICU,eICU,Med-Surg ICU,29.0,0.2,60.0,15.0,60.0,20.0,0.0,0.0,175
eICU-220:Med-Surg ICU,eICU,Med-Surg ICU,35.0,0.16666666666666666,34.0,30.0,60.0,17.0,0.0,0.0,143
eICU-224:Med-Surg ICU,eICU,Med-Surg ICU,26.0,0.16666666666666666,60.0,0.0,60.0,20.0,0.0,0.0,109
eICU-226:Med-Surg ICU,eICU,Med-Surg ICU,30.0,0.23333333333333334,58.5,30.0,105.0,14.0,0.0,0.0,475
eICU-226:Neuro ICU,eICU,Neuro ICU,40.0,0.15,30.0,15.0,85.0,15.0,0.0,0.0,441
eICU-227:CTICU,eICU,CTICU,32.0,0.18333333333333332,52.5,30.0,60.0,18.0,0.0,0.0,447
eICU-227:Med-Surg ICU,eICU,Med-Surg ICU,31.0,0.23333333333333334,60.0,25.5,61.0,19.0,0.0,0.0,600
eICU-243:Cardiac ICU,eICU,Cardiac ICU,22.0,0.2,60.0,45.0,225.0,12.0,1.0,0.2222222222222222,1327
eICU-243:MICU,eICU,MICU,37.0,0.2,33.5,21.125,78.0,18.0,0.0,0.0,584
eICU-243:Neuro ICU,eICU,Neuro ICU,29.0,0.16666666666666666,60.0,19.0,120.0,18.0,0.0,0.0,560
eICU-243:SICU,eICU,SICU,45.0,0.16666666666666666,15.0,5.0,60.0,14.0,0.0,0.0,599
eICU-244:Med-Surg ICU,eICU,Med-Surg ICU,21.0,0.3333333333333333,60.0,30.0,189.0,14.0,1.0,0.16666666666666666,809
eICU-245:Med-Surg ICU,eICU,Med-Surg ICU,26.0,0.3333333333333333,60.0,11.25,144.0,13.0,1.0,0.1,383
eICU-246:Med-Surg ICU,eICU,Med-Surg ICU,23.0,0.3583333333333333,60.0,33.5,179.5,17.0,1.0,0.16666666666666666,166
eICU-248:CCU-CTICU,eICU,CCU-CTICU,54.0,0.14166666666666666,15.0,10.0,60.0,11.0,0.0,0.0,726
eICU-248:Neuro ICU,eICU,Neuro ICU,35.0,0.16666666666666666,45.0,19.0,71.0,18.0,0.0,0.0,543
eICU-249:Med-Surg ICU,eICU,Med-Surg ICU,21.0,0.2583333333333333,60.0,40.0,135.5,16.0,1.0,0.125,210
eICU-250:Med-Surg ICU,eICU,Med-Surg ICU,11.0,0.2583333333333333,115.75,90.25,280.0,8.0,4.0,0.6513888888888889,146
eICU-251:Cardiac ICU,eICU,Cardiac ICU,15.0,0.18333333333333332,60.0,50.0,282.0,10.0,2.0,0.4583333333333333,175
eICU-252:CCU-CTICU,eICU,CCU-CTICU,28.0,0.16666666666666666,60.0,10.625,60.0,21.0,0.0,0.0,712
eICU-252:MICU,eICU,MICU,29.0,0.18333333333333332,60.0,15.0,60.0,21.0,0.0,0.0,728
eICU-252:Neuro ICU,eICU,Neuro ICU,29.0,0.16666666666666666,60.0,18.375,60.0,20.0,0.0,0.0,630
eICU-252:SICU,eICU,SICU,27.0,0.18333333333333332,60.0,0.0,60.0,22.0,0.0,0.0,456
eICU-253:Med-Surg ICU,eICU,Med-Surg ICU,33.0,0.18333333333333332,55.5,30.0,90.0,19.0,0.0,0.0,305
eICU-254:CTICU,eICU,CTICU,22.0,0.8666666666666667,60.0,10.0,240.0,5.0,1.0,0.2611111111111111,141
eICU-254:Cardiac ICU,eICU,Cardiac ICU,32.0,0.23333333333333334,60.0,0.0,60.0,20.0,0.0,0.0,141
eICU-254:SICU,eICU,SICU,33.0,0.18333333333333332,60.0,0.0,60.0,18.0,0.0,0.0,147
eICU-256:Med-Surg ICU,eICU,Med-Surg ICU,5.0,2.3833333333333333,240.0,21.25,240.0,4.0,3.0,0.5416666666666666,346
eICU-258:Med-Surg ICU,eICU,Med-Surg ICU,26.0,0.3,60.0,26.25,120.0,17.0,0.0,0.0,215
eICU-259:Cardiac ICU,eICU,Cardiac ICU,30.0,0.3,60.0,25.5,120.0,17.0,0.0,0.0,449
eICU-262:Med-Surg ICU,eICU,Med-Surg ICU,40.5,0.29166666666666663,30.0,13.5,105.0,9.0,0.0,0.0,82
eICU-264:CCU-CTICU,eICU,CCU-CTICU,41.0,0.25,30.0,15.0,105.0,10.0,0.0,0.0,901
eICU-264:Med-Surg ICU,eICU,Med-Surg ICU,46.0,0.21666666666666667,21.5,15.0,109.0,11.0,0.0,0.0,1423
eICU-264:Neuro ICU,eICU,Neuro ICU,28.0,0.31666666666666665,60.0,15.0,120.0,18.0,0.0,0.0,1313
eICU-264:SICU,eICU,SICU,35.0,0.26666666666666666,30.0,15.0,120.0,13.0,0.0,0.0,448
eICU-266:Med-Surg ICU,eICU,Med-Surg ICU,57.0,0.16666666666666666,15.0,15.0,90.0,7.0,0.0,0.0,145
eICU-267:Med-Surg ICU,eICU,Med-Surg ICU,5.0,1.6333333333333333,240.0,30.0,240.0,4.0,2.0,0.3333333333333333,55
eICU-268:Med-Surg ICU,eICU,Med-Surg ICU,3.0,0.31666666666666665,452.0,178.25,650.0,2.0,2.0,0.7840277777777778,338
eICU-269:Med-Surg ICU,eICU,Med-Surg ICU,3.0,0.43333333333333335,421.25,156.75,607.0,2.0,2.0,0.765625,412
eICU-271:Med-Surg ICU,eICU,Med-Surg ICU,3.0,0.35,422.0,163.0,603.0,2.0,2.0,0.7701388888888889,461
eICU-272:MICU,eICU,MICU,3.0,0.35,427.0,166.5,624.0,2.0,2.0,0.7791666666666667,355
eICU-272:SICU,eICU,SICU,3.0,0.4166666666666667,420.0,165.0,609.0,2.0,2.0,0.7611111111111111,263
eICU-273:MICU,eICU,MICU,4.0,0.36666666666666664,365.0,148.5,555.0,3.0,2.0,0.7715277777777778,115
eICU-275:Med-Surg ICU,eICU,Med-Surg ICU,4.0,0.38333333333333336,390.5,132.5,561.0,3.0,2.0,0.7798611111111111,285
eICU-277:Med-Surg ICU,eICU,Med-Surg ICU,4.0,0.35,414.0,191.0,632.0,3.0,2.0,0.7899305555555556,808
eICU-279:Med-Surg ICU,eICU,Med-Surg ICU,3.5,0.3583333333333333,408.75,172.5,601.5,2.0,2.0,0.7604166666666666,378
eICU-280:Med-Surg ICU,eICU,Med-Surg ICU,3.0,0.31666666666666665,419.75,174.0,643.0,2.0,2.0,0.7875,630
eICU-281:CCU-CTICU,eICU,CCU-CTICU,3.0,0.32499999999999996,409.5,159.25,606.5,2.0,2.0,0.7694444444444445,592
eICU-281:Med-Surg ICU,eICU,Med-Surg ICU,3.0,0.4,457.25,179.75,653.5,2.0,2.0,0.7770833333333333,546
eICU-281:Neuro ICU,eICU,Neuro ICU,3.0,0.375,430.0,166.25,639.0,2.0,2.0,0.7868055555555555,158
eICU-282:Cardiac ICU,eICU,Cardiac ICU,4.0,0.3916666666666667,393.5,160.5,594.0,3.0,2.0,0.7815972222222223,408
eICU-283:MICU,eICU,MICU,4.0,0.31666666666666665,409.5,171.25,604.5,2.0,2.0,0.7944444444444444,558
eICU-283:SICU,eICU,SICU,4.0,0.31666666666666665,404.0,174.25,603.0,3.0,2.0,0.7763888888888889,538
eICU-300:CSICU,eICU,CSICU,32.0,0.18333333333333332,60.0,30.0,60.0,20.0,0.0,0.0,699
eICU-300:Med-Surg ICU,eICU,Med-Surg ICU,29.0,0.26666666666666666,60.0,29.75,93.0,20.0,0.0,0.0,2019
eICU-301:Med-Surg ICU,eICU,Med-Surg ICU,7.0,1.525,240.0,60.0,240.0,5.0,5.0,0.75,632
eICU-303:Med-Surg ICU,eICU,Med-Surg ICU,56.0,0.13333333333333333,15.0,15.0,90.0,8.0,0.0,0.0,108
eICU-307:Med-Surg ICU,eICU,Med-Surg ICU,53.0,0.16666666666666666,15.0,15.0,60.0,12.0,0.0,0.0,1280
eICU-310:Med-Surg ICU,eICU,Med-Surg ICU,48.0,0.18333333333333332,30.0,7.0,105.0,8.0,0.0,0.0,848
eICU-312:Med-Surg ICU,eICU,Med-Surg ICU,91.0,0.11666666666666667,15.0,0.0,60.0,2.0,0.0,0.0,340
eICU-318:CTICU,eICU,CTICU,51.0,0.21666666666666667,15.0,15.0,120.0,8.0,0.0,0.0,306
eICU-318:Cardiac ICU,eICU,Cardiac ICU,51.0,0.2,18.75,15.0,120.0,6.0,0.0,0.0,142
eICU-318:Med-Surg ICU,eICU,Med-Surg ICU,53.0,0.21666666666666667,18.0,13.0,105.0,6.0,0.0,0.0,341
eICU-328:Med-Surg ICU,eICU,Med-Surg ICU,74.0,0.13333333333333333,15.0,0.0,100.0,4.0,0.0,0.0,288
eICU-331:Med-Surg ICU,eICU,Med-Surg ICU,49.0,0.2,15.0,15.0,132.0,8.0,1.0,0.09305555555555556,1312
eICU-336:Cardiac ICU,eICU,Cardiac ICU,74.0,0.13333333333333333,15.0,3.25,67.5,5.0,0.0,0.0,138
eICU-336:Med-Surg ICU,eICU,Med-Surg ICU,74.0,0.1,15.0,4.0,61.0,4.0,0.0,0.0,596
eICU-337:Med-Surg ICU,eICU,Med-Surg ICU,51.0,0.13333333333333333,22.5,15.0,75.0,9.0,0.0,0.0,351
eICU-338:CCU-CTICU,eICU,CCU-CTICU,52.0,0.16666666666666666,15.0,15.0,101.0,10.0,0.0,0.0,921
eICU-338:MICU,eICU,MICU,84.0,0.13333333333333333,15.0,0.0,60.0,2.0,0.0,0.0,1026
eICU-338:Med-Surg ICU,eICU,Med-Surg ICU,26.0,0.55,60.0,37.0,194.0,11.0,1.0,0.15416666666666667,67
eICU-338:Neuro ICU,eICU,Neuro ICU,50.0,0.15,15.0,15.0,75.0,12.0,0.0,0.0,461
eICU-338:SICU,eICU,SICU,65.0,0.15,15.0,4.75,60.0,7.0,0.0,0.0,723
eICU-342:Med-Surg ICU,eICU,Med-Surg ICU,12.0,0.6666666666666666,92.0,93.0,285.0,7.0,4.0,0.6361111111111111,139
eICU-345:Med-Surg ICU,eICU,Med-Surg ICU,59.5,0.13333333333333333,15.0,10.625,60.0,10.0,0.0,0.0,1340
eICU-352:Med-Surg ICU,eICU,Med-Surg ICU,27.0,0.30833333333333335,60.0,0.0,60.0,20.0,0.0,0.0,52
eICU-381:Med-Surg ICU,eICU,Med-Surg ICU,27.0,0.21666666666666667,60.0,0.0,120.0,13.0,0.0,0.0,99
eICU-382:CCU-CTICU,eICU,CCU-CTICU,4.0,0.75,263.75,157.5,510.0,2.0,2.0,0.5833333333333334,66
eICU-382:CSICU,eICU,CSICU,3.0,0.9666666666666667,277.5,120.0,470.0,2.0,2.0,0.5013888888888889,56
eICU-383:Med-Surg ICU,eICU,Med-Surg ICU,31.0,0.2,60.0,25.0,90.0,18.0,0.0,0.0,315
eICU-384:Med-Surg ICU,eICU,Med-Surg ICU,51.0,0.16666666666666666,15.0,15.0,90.0,10.0,0.0,0.0,638
eICU-386:Cardiac ICU,eICU,Cardiac ICU,60.0,0.15,15.0,0.0,75.0,6.0,0.0,0.0,328
eICU-387:Med-Surg ICU,eICU,Med-Surg ICU,52.0,0.2,15.0,0.0,75.0,10.0,0.0,0.0,432
eICU-388:Med-Surg ICU,eICU,Med-Surg ICU,57.0,0.16666666666666666,15.0,0.0,73.0,8.0,0.0,0.0,771
eICU-389:Med-Surg ICU,eICU,Med-Surg ICU,57.5,0.18333333333333332,15.0,12.75,60.0,8.0,0.0,0.0,256
eICU-390:Med-Surg ICU,eICU,Med-Surg ICU,45.0,0.18333333333333332,15.75,15.0,60.0,13.0,0.0,0.0,932
eICU-391:Med-Surg ICU,eICU,Med-Surg ICU,4.0,0.8500000000000001,277.5,179.5,570.0,2.0,2.0,0.6579861111111112,114
eICU-392:Cardiac ICU,eICU,Cardiac ICU,31.0,0.18333333333333332,57.5,30.0,120.0,16.0,0.0,0.0,567
eICU-393:Med-Surg ICU,eICU,Med-Surg ICU,25.0,0.3333333333333333,60.0,0.0,60.0,22.0,0.0,0.0,81
eICU-394:CCU-CTICU,eICU,CCU-CTICU,32.0,0.21666666666666667,60.0,21.75,60.0,18.0,0.0,0.0,771
eICU-394:Med-Surg ICU,eICU,Med-Surg ICU,29.0,0.15,60.0,15.0,60.0,20.0,0.0,0.0,647
eICU-396:Cardiac ICU,eICU,Cardiac ICU,29.0,0.3333333333333333,60.0,15.0,60.0,13.0,0.0,0.0,251
eICU-399:Med-Surg ICU,eICU,Med-Surg ICU,30.0,0.26666666666666666,60.0,15.0,75.0,19.0,0.0,0.0,166
eICU-400:Med-Surg ICU,eICU,Med-Surg ICU,88.0,0.15,15.0,0.0,60.0,1.0,0.0,0.0,1193
eICU-402:Med-Surg ICU,eICU,Med-Surg ICU,56.0,0.2,15.0,15.0,120.0,6.0,0.0,0.0,157
eICU-403:Med-Surg ICU,eICU,Med-Surg ICU,4.0,1.5833333333333333,240.0,60.0,240.0,3.0,3.0,0.5833333333333334,159
eICU-404:Med-Surg ICU,eICU,Med-Surg ICU,32.0,0.31666666666666665,60.0,29.5,120.0,13.0,0.0,0.0,143
eICU-405:Med-Surg ICU,eICU,Med-Surg ICU,41.5,0.2,30.0,16.0,75.0,14.0,0.0,0.0,220
eICU-407:Med-Surg ICU,eICU,Med-Surg ICU,26.0,0.25,60.0,30.0,120.0,14.0,0.0,0.0,342
eICU-408:Med-Surg ICU,eICU,Med-Surg ICU,27.0,0.29166666666666663,60.0,7.125,71.5,20.0,0.0,0.0,136
eICU-411:MICU,eICU,MICU,25.0,0.18333333333333332,60.0,45.0,120.0,15.0,0.0,0.0,1225
eICU-411:SICU,eICU,SICU,30.0,0.16666666666666666,60.0,27.0,75.0,20.0,0.0,0.0,576
eICU-412:MICU,eICU,MICU,31.0,0.18333333333333332,60.0,22.5,120.0,16.0,0.0,0.0,125
eICU-413:CCU-CTICU,eICU,CCU-CTICU,71.0,0.11666666666666667,15.0,0.0,60.0,5.0,0.0,0.0,561
eICU-413:Neuro ICU,eICU,Neuro ICU,38.0,0.13333333333333333,30.0,30.0,90.0,15.0,0.0,0.0,783
eICU-416:CCU-CTICU,eICU,CCU-CTICU,6.0,2.1666666666666665,240.0,29.25,240.0,5.0,4.0,0.8152777777777778,564
eICU-416:MICU,eICU,MICU,7.0,0.26666666666666666,240.0,73.75,240.0,5.0,4.0,0.8222222222222222,552
eICU-416:SICU,eICU,SICU,6.0,1.6083333333333334,240.0,7.5,240.0,5.0,5.0,0.8194444444444444,354
eICU-417:Med-Surg ICU,eICU,Med-Surg ICU,9.0,0.25,151.25,50.0,240.0,7.0,3.0,0.6059027777777777,1364
eICU-419:Med-Surg ICU,eICU,Med-Surg ICU,28.0,0.21666666666666667,60.0,0.0,60.0,20.0,0.0,0.0,285
eICU-420:CCU-CTICU,eICU,CCU-CTICU,29.0,0.13333333333333333,60.0,30.0,60.0,21.0,0.0,0.0,573
eICU-420:Cardiac ICU,eICU,Cardiac ICU,29.0,0.11666666666666667,60.0,7.5,60.0,21.0,0.0,0.0,594
eICU-420:Med-Surg ICU,eICU,Med-Surg ICU,25.0,0.23333333333333334,60.0,0.0,60.0,22.0,0.0,0.0,1137
eICU-420:SICU,eICU,SICU,25.0,0.2,60.0,0.0,60.0,21.0,0.0,0.0,1461
eICU-421:Med-Surg ICU,eICU,Med-Surg ICU,30.0,0.21666666666666667,60.0,15.0,75.0,19.0,0.0,0.0,424
eICU-422:Med-Surg ICU,eICU,Med-Surg ICU,24.0,0.23333333333333334,60.0,0.0,92.5,20.5,0.0,0.0,258
eICU-423:Med-Surg ICU,eICU,Med-Surg ICU,24.0,0.4,60.0,0.0,60.0,23.0,0.0,0.0,167
eICU-424:Med-Surg ICU,eICU,Med-Surg ICU,18.0,0.23333333333333334,60.0,43.25,120.0,15.0,0.0,0.0,286
eICU-425:Med-Surg ICU,eICU,Med-Surg ICU,24.0,0.48333333333333334,60.0,0.0,60.0,23.0,0.0,0.0,172
eICU-428:Med-Surg ICU,eICU,Med-Surg ICU,26.0,0.23333333333333334,60.0,0.0,61.0,21.0,0.0,0.0,167
eICU-429:Med-Surg ICU,eICU,Med-Surg ICU,59.0,0.11666666666666667,17.5,17.5,75.0,7.0,0.0,0.0,222
eICU-433:Med-Surg ICU,eICU,Med-Surg ICU,47.0,0.18333333333333332,30.0,15.0,80.0,11.0,0.0,0.0,109
eICU-434:Med-Surg ICU,eICU,Med-Surg ICU,13.0,0.36666666666666664,120.0,0.0,120.0,11.0,0.0,0.0,252
eICU-435:Med-Surg ICU,eICU,Med-Surg ICU,33.0,0.15,59.0,24.25,75.0,18.0,0.0,0.0,976
eICU-436:Med-Surg ICU,eICU,Med-Surg ICU,24.0,0.35,60.0,0.0,60.0,22.0,0.0,0.0,214
eICU-438:Med-Surg ICU,eICU,Med-Surg ICU,12.0,0.35,120.0,0.0,120.0,11.0,0.0,0.0,119
eICU-439:Med-Surg ICU,eICU,Med-Surg ICU,12.0,0.5,120.0,0.0,120.0,11.0,0.0,0.0,211
eICU-440:Med-Surg ICU,eICU,Med-Surg ICU,23.0,0.36666666666666664,60.0,10.375,120.0,17.0,0.0,0.0,1164
eICU-443:CCU-CTICU,eICU,CCU-CTICU,27.0,0.21666666666666667,60.0,0.0,60.0,23.0,0.0,0.0,661
eICU-443:MICU,eICU,MICU,27.0,0.35,60.0,0.0,60.0,22.0,0.0,0.0,744
eICU-443:Neuro ICU,eICU,Neuro ICU,26.0,0.26666666666666666,60.0,0.0,60.0,23.0,0.0,0.0,755
eICU-443:SICU,eICU,SICU,28.0,0.3,60.0,8.25,60.0,22.0,0.0,0.0,756
eICU-444:Med-Surg ICU,eICU,Med-Surg ICU,18.0,0.175,63.0,63.0,150.0,13.0,1.0,0.17881944444444445,872
eICU-445:Med-Surg ICU,eICU,Med-Surg ICU,26.0,0.15,58.0,37.5,140.0,16.0,1.0,0.10347222222222222,245
eICU-449:Med-Surg ICU,eICU,Med-Surg ICU,34.0,0.13333333333333333,47.5,36.875,60.0,20.0,0.0,0.0,1058
eICU-449:Neuro ICU,eICU,Neuro ICU,29.0,0.16666666666666666,60.0,30.0,120.0,18.0,0.0,0.0,592
eICU-452:MICU,eICU,MICU,90.0,0.11666666666666667,15.0,0.0,45.0,1.0,0.0,0.0,575
eICU-458:CTICU,eICU,CTICU,29.0,0.1,60.0,21.0,60.0,21.0,0.0,0.0,473
eICU-458:Cardiac ICU,eICU,Cardiac ICU,33.0,0.15,60.0,30.0,60.0,17.0,0.0,0.0,1395
eICU-458:MICU,eICU,MICU,30.0,0.16666666666666666,60.0,20.0,65.0,19.0,0.0,0.0,349
eICU-458:Neuro ICU,eICU,Neuro ICU,34.0,0.13333333333333333,38.0,16.0,60.0,16.0,0.0,0.0,315
eICU-458:SICU,eICU,SICU,26.0,0.15,60.0,0.0,60.0,22.0,0.0,0.0,298
eICU-459:Med-Surg ICU,eICU,Med-Surg ICU,29.0,0.16666666666666666,60.0,34.375,120.0,14.0,0.0,0.0,362
eICU-56:Med-Surg ICU,eICU,Med-Surg ICU,79.0,0.16666666666666666,15.0,0.0,90.0,2.0,0.0,0.0,193
eICU-58:Med-Surg ICU,eICU,Med-Surg ICU,54.0,0.23333333333333334,15.0,9.5,120.0,5.0,0.0,0.0,117
eICU-59:Med-Surg ICU,eICU,Med-Surg ICU,28.0,0.18333333333333332,59.0,45.0,180.0,15.0,1.0,0.14756944444444445,310
eICU-60:Med-Surg ICU,eICU,Med-Surg ICU,30.0,0.35,38.25,30.0,165.0,13.0,1.0,0.12118055555555556,210
eICU-61:Med-Surg ICU,eICU,Med-Surg ICU,33.0,0.21666666666666667,30.0,20.0,178.0,12.0,1.0,0.125,87
eICU-63:Med-Surg ICU,eICU,Med-Surg ICU,48.0,0.15,15.0,12.5,120.0,9.0,0.0,0.0,785
eICU-66:Med-Surg ICU,eICU,Med-Surg ICU,51.5,0.18333333333333332,15.0,15.0,120.0,9.0,0.0,0.0,562
eICU-67:Med-Surg ICU,eICU,Med-Surg ICU,29.5,0.31666666666666665,60.0,15.0,120.0,11.0,0.0,0.0,262
eICU-68:SICU,eICU,SICU,36.5,0.15,30.0,25.0,120.0,13.0,0.0,0.0,302
eICU-69:Med-Surg ICU,eICU,Med-Surg ICU,31.0,0.21666666666666667,30.0,26.75,125.0,12.0,1.0,0.08680555555555555,295
eICU-71:Med-Surg ICU,eICU,Med-Surg ICU,41.0,0.16666666666666666,30.0,20.0,120.0,11.0,0.0,0.0,553
eICU-73:CCU-CTICU,eICU,CCU-CTICU,40.0,0.16666666666666666,30.0,25.0,121.0,12.0,1.0,0.08402777777777778,1096
eICU-73:CTICU,eICU,CTICU,41.0,0.13333333333333333,30.0,23.25,60.0,15.0,0.0,0.0,1073
eICU-73:MICU,eICU,MICU,49.0,0.2,15.0,15.0,90.0,10.0,0.0,0.0,839
eICU-73:Med-Surg ICU,eICU,Med-Surg ICU,42.0,0.15,15.0,15.0,120.0,11.0,0.0,0.0,684
eICU-73:Neuro ICU,eICU,Neuro ICU,48.0,0.18333333333333332,15.0,15.0,75.0,11.0,0.0,0.0,1058
eICU-73:SICU,eICU,SICU,75.0,0.13333333333333333,15.0,0.0,60.0,1.0,0.0,0.0,325
eICU-79:Med-Surg ICU,eICU,Med-Surg ICU,42.0,0.31666666666666665,30.0,15.0,152.0,6.0,1.0,0.10555555555555556,907
eICU-92:Med-Surg ICU,eICU,Med-Surg ICU,7.0,0.8,240.0,45.0,240.0,6.0,5.0,0.8229166666666666,325
eICU-95:Med-Surg ICU,eICU,Med-Surg ICU,7.0,0.6666666666666666,240.0,75.0,300.0,6.0,5.0,0.8229166666666666,181
