source,metric,eta2_unittype,eta2_unittype_given_density,eta2_hospital,eta2_hospital_given_density,hospital_median_p10,hospital_median_p90
vitalperiodic,n_records,0.00811892300124284,0.009085229719766967,0.06213113366717682,0.03302802260538851,280.0,287.0
vitalperiodic,t_first_h,0.0017010477105395827,0.0007996088409220035,0.07122675250841948,0.04958979133408546,0.08333333333333333,0.25
vitalperiodic,median_interval_min,0.0002021184225610151,0.0005083692365360706,0.0002742227885628168,0.0007560582789394438,5.0,5.0
vitalperiodic,iqr_interval_min,0.00023102350009962525,0.0005498030562925675,0.00035095037975663157,0.0009775212673418146,0.0,0.0
vitalperiodic,max_interval_min,0.00978857030080127,0.007686064205912776,0.014588943008147393,0.011851372000392369,5.0,10.0
vitalperiodic,n_gaps_gt30m,0.016825411014953384,0.014812502032086472,0.020969960042507618,0.0195179603593409,0.0,0.0
vitalperiodic,n_gaps_gt2h,0.0034510017726199216,0.0023446226764718024,0.007496279332820932,0.006170165038922707,0.0,0.0
vitalperiodic,n_gaps_gt4h,0.002417222900269911,0.0016856812392662304,0.005581542788728799,0.003977374756524896,0.0,0.0
vitalperiodic,frac_time_in_gaps,0.003209598774514655,0.002051934295194364,0.008703725113615501,0.007000402210348936,0.0,0.0
