cohort,metric,vpc_hospital,vpc_hospital_lo,vpc_hospital_hi,vpc_unit,vpc_unit_lo,vpc_unit_hi,vpc_hospital_pct_lo,vpc_hospital_pct_hi,vpc_unit_pct_lo,vpc_unit_pct_hi,bca_z0_hospital,bca_a_hospital,eta2_hospital,n_stays,n_hospitals,n_unit_cells,n_boot,boot_failures
unrestricted,Record count,0.43486105986779827,0.3296462894282242,0.551126598538227,0.08300173936735335,0.04399862288986215,0.16845274840634153,0.3101652705675739,0.5401650096372386,0.036414581625756504,0.14539941999836337,0.08532879488562917,0.008068787261287803,0.44107029538776693,96518,68,142,500,0.0
unrestricted,Hours to first record,0.06280200679884683,0.02845510733895958,0.11044013562186328,0.029062919539387323,0.009517474967728997,0.05566473471146576,0.022669263047409672,0.10478401813142478,0.007978062533029191,0.05383497525844396,0.08532879488562917,0.08733560952592864,0.07166616407890104,96518,68,142,500,0.0
unrestricted,Median interval,0.8212080390615033,0.7349281521812058,0.873369226162232,0.011491015806011636,0.00391310812670265,0.03354010743801717,0.6946354585892496,0.8621315719559687,0.003911924496149949,0.03350141859246178,0.12566134685507416,0.04752192542564547,0.7625310312478439,96518,68,142,500,0.0
unrestricted,Interval IQR,0.552998991865292,0.4163414627718756,0.645070188367274,0.02608041309737935,0.01158617293185006,0.05240492143651164,0.3523901842262863,0.6308738982184132,0.01249231745676665,0.05877741625761024,0.1509692154967774,0.046502554571727917,0.4704027486116064,96518,68,142,500,0.0
unrestricted,Longest interval,0.65959036541551,0.48998814976454586,0.7637826609210752,0.027669671500373357,0.011287884139841112,0.06445474852828983,0.40546641960357227,0.7464534715425297,0.011151385184677887,0.06402444462048504,0.09539636905689204,0.05674993676470773,0.5863936778295273,96518,68,142,500,0.0
unrestricted,Gaps >30 min,0.4600758287089808,0.3587556979586507,0.575965828085819,0.0743264085391422,0.04531021881747569,0.1116793972029022,0.3499907068781786,0.5620519387399312,0.044140053247015205,0.10768440196537948,0.09539636905689204,0.011624657649733,0.46362750102849665,96518,68,142,500,0.0
unrestricted,Gaps >2 h,0.4984283975388672,0.3550439206236202,0.6594629326621287,0.05033378110057995,0.02212239603950996,0.09644445905855607,0.3194936725663102,0.6217223772334155,0.021246477454325095,0.09522088730929229,0.12060993411930736,0.07812256788538431,0.46760285352999337,96518,68,142,500,0.0
unrestricted,Fraction of window in gaps,0.6714752995420642,0.543405697606575,0.7913571432839326,0.03351074836492432,0.012945832958600304,0.08082141313408654,0.4958733210828291,0.7631326079075288,0.012522701973170848,0.07450162598880074,0.12060993411930736,0.03508202730386668,0.6210738635325898,96518,68,142,500,0.0
restricted,Record count,0.3056210685905035,0.20422852384429632,0.44977021171444165,0.10543397534875688,0.0574715585980475,0.19825752526558063,0.18437188922324718,0.4346957906893768,0.0527015607690024,0.1780218129241361,0.1712845859315065,0.016537352219732033,0.3538537167590392,88560,60,126,500,0.0
restricted,Hours to first record,0.024770855903492255,0.007125607053983211,0.04972140977363607,0.029782265477584943,0.00880114581075363,0.06938491560558906,0.004714625576342029,0.04719090687128386,0.007440898353451986,0.06299321018136644,0.1661994401703587,-0.003257018966363693,0.043306829200615175,88560,60,126,500,0.0
restricted,Median interval,0.1901370053714543,0.06823336116796691,0.35906472403917306,0.10242784294960626,0.03830103545469725,0.2162591329490213,0.04658592067578867,0.30969602896882115,0.037866635097432245,0.21556820861222062,0.13577393130211166,0.09341789377724119,0.2507550584715654,88560,60,126,500,0.0
restricted,Interval IQR,0.0769925571441879,0.012135417975122794,0.19835987916316983,0.10925852011680492,0.061795545298309766,0.17451986889523438,4.0237250098749897e-13,0.16151713990327932,0.06074224323461184,0.17096785326091418,0.1865671818365193,0.037092613653356234,0.1402648680085552,88560,60,126,500,0.0
restricted,Longest interval,0.08253385151923297,0.021583664050823702,0.19053716575917554,0.09708237644729342,0.047945379362619035,0.15906252955178363,0.010909026477837027,0.1731345278932009,0.04626418309171161,0.153927228072588,0.13577393130211166,0.06659739067826062,0.1339447374783681,88560,60,126,500,0.0
restricted,Gaps >30 min,0.3498855043043445,0.26608957858620413,0.4980067224024935,0.09340810295709012,0.05821429118612027,0.1349335133949431,0.24832113487468035,0.46111337007403713,0.053639858157840954,0.1305868336220232,0.1865671818365193,0.02224705848481233,0.37664123883484707,88560,60,126,500,0.0
restricted,Gaps >2 h,0.17369884598824764,0.043661218075299595,0.33470299464928255,0.09925147310188752,0.044266139191054134,0.17605564843001223,0.010246942256189323,0.2884918537603126,0.04660684864527634,0.19141768505115225,0.1763741647808612,0.09658353762269246,0.21757410236752106,88560,60,126,500,0.0
restricted,Fraction of window in gaps,0.15739055006743163,0.018055080373075,0.334119409041818,0.10799306796358997,0.04000111843678955,0.19826312616803057,1.7268682137952872e-12,0.2804474683265302,0.04720747905915123,0.21196028032561517,0.14590042003299397,0.10273044559948831,0.20813029477426467,88560,60,126,500,0.0
